method,subject_id,nrmse,psnr,ssim,measured_kspace_err,heldout_kspace_err,runtime_seconds,num_net_evals,heldout_kspace_err_allcoef,ssim_fullfov,nrmse_fullfov,psnr_fullfov,brain_fraction
classical_adjoint,2022101101,0.2121790829957708,21.959756920282654,0.5403418172005576,0.18302858372529343,0.9815299113591512,0.012888113657633399,0.0,0.5256798466046652,0.3648750403962988,0.3772378568482749,21.5096666463529,0.253021240234375
classical_adjoint,2022101102,0.2180259353248287,21.547185251808315,0.5495305562054993,0.17335559924443558,0.9801484942436218,0.011583487192789668,0.0,0.5088878671328226,0.40683534530202764,0.34598948627346676,22.48202286900499,0.290924072265625
classical_adjoint,2022101103,0.21650469039586298,22.18863003059771,0.5435080288558592,0.192530483007431,0.9844767053922018,0.011202176411946534,0.0,0.5429971019426981,0.36633288030407213,0.3850825894489371,21.596228697842736,0.2777506510416667
classical_adjoint,2022101201,0.23825833410560457,21.008709509949018,0.5229163468302164,0.1817717999219894,0.9827710191408793,0.0105061531066894,0.0,0.5057923098405203,0.32629387844454144,0.3809624858458503,21.715167920755007,0.260162353515625
classical_adjoint,2022101204,0.24846396760988007,21.66105055978916,0.5048398787964622,0.16945983469486228,0.9856307903925577,0.009922345479329367,0.0,0.526216725508372,0.33416763086071527,0.39879897625861704,21.90249440010543,0.2785237630208333
classical_adjoint,2022101301,0.22236120042071028,22.322725123222156,0.5248421960283474,0.189440444111824,0.983690599600474,0.009919643402099566,0.0,0.5349274476369222,0.3454721320208988,0.38924192519614026,21.669365159887672,0.2718658447265625
classical_adjoint,2022101302,0.23774913037871634,20.83941500564843,0.5058874548613366,0.1879539291063944,0.9868428111076355,0.009840250015258734,0.0,0.5324190457661947,0.34677227205276545,0.38062331896009277,21.230483607617654,0.22681172688802084
classical_adjoint,2022101303,0.2647284927198601,19.50464693779131,0.5290479637409725,0.17065589129924771,0.9800868630409241,0.012549877166747969,0.0,0.5114420851071676,0.3324092777904574,0.3891954430931972,21.907440611973403,0.07523600260416667
classical_adjoint,2022112702,0.21421820570729985,22.438668505404966,0.505322737969232,0.17216057082017258,0.9868543346722921,0.0116230646769205,0.0,0.5160409410794576,0.33317672881885524,0.38599915471904084,21.955799392671995,0.24625651041666666
classical_adjoint,2022112704,0.24088144180573776,22.3184820307987,0.5257431884517396,0.18070060511430097,0.9845988353093466,0.011666615804036433,0.0,0.5250765879948934,0.35837036967937785,0.38730641791709947,22.47921734850348,0.26214599609375
classical_adjoint,2022120401,0.2298861149756454,22.193359898218404,0.5240293702700368,0.17638148367404938,0.989109992980957,0.010710159937540632,0.0,0.5187760392824808,0.37537696610958965,0.36772787417117975,22.335602772638495,0.2919209798177083
classical_adjoint,2022120402,0.20554852516551245,22.3330793361939,0.49933862885400115,0.17869354287783304,0.9850281874338785,0.010489861170450832,0.0,0.5314735571543375,0.34929345952748836,0.3813775972050489,21.42309796422754,0.24783833821614584
classical_adjoint,2022120403,0.2203516955079832,22.286505598554516,0.5054818789720862,0.1668492257595062,0.9916327595710754,0.0099825859069824,0.0,0.515276292959849,0.36427617411627544,0.36717250346303776,22.08713452140694,0.2789764404296875
classical_adjoint,2022120404,0.20955082325094157,23.000231669671305,0.5322358719692265,0.17408868173758182,0.9889561335245768,0.010082880655924433,0.0,0.5050864219665527,0.37831183872086166,0.35889813664538917,22.702159347327335,0.25665283203125
classical_adjoint,2022120406,0.2296290866851197,21.179441761137266,0.4973357111090937,0.17319454749425248,0.9870398839314779,0.010436932245890268,0.0,0.5173234939575195,0.3856976904073226,0.3659876615262221,22.11665016423132,0.2366943359375
classical_adjoint,2022120407,0.22523199722520726,22.097573071831487,0.5243678419005288,0.1771760483582814,0.9850222071011862,0.011064926783243735,0.0,0.5197449326515198,0.37278250282966835,0.37535392277952706,22.01154463109802,0.2529856363932292
classical_adjoint,2022120408,0.22782072307544354,21.46994105175541,0.5237722567692834,0.18095450103282926,0.9792248209317526,0.011647860209147065,0.0,0.5184466441472372,0.38466052754949653,0.3692368545116178,21.409914275056583,0.24932861328125
classical_adjoint,2022120409,0.21442128166361882,22.7987965277815,0.5312890538164133,0.17594720919926957,0.9838424126307169,0.010387818018595334,0.0,0.5253472725550333,0.3440356451025021,0.38757777672333305,21.852064895923103,0.2844441731770833
classical_adjoint,2022121701,0.21968848266283228,20.898096172854846,0.4982018009353076,0.18198684354623154,0.9848436514536539,0.0112868150075276,0.0,0.526322066783905,0.3764382994792534,0.37088338042343594,21.634934734781382,0.20310465494791666
classical_adjoint,2022121702,0.22716182103122584,21.456994772668285,0.49203863105086487,0.1634998222192128,0.9829011162122091,0.009337663650512633,0.0,0.5086377859115601,0.3953768511718508,0.3531705648954548,21.79955835103382,0.2684733072916667
classical_adjoint,2022121703,0.22611315125295436,21.441314456997123,0.5005437075129079,0.18118158479531601,0.9789826472600301,0.011228164037068633,0.0,0.5250717202822367,0.3814284501031211,0.36827951258141595,21.29847981924367,0.261993408203125
classical_adjoint,2022121705,0.23874253664141123,21.87254741539213,0.5147026724396873,0.17116473615169525,0.9861823717753092,0.011720577875773066,0.0,0.5196053385734558,0.3912065902550724,0.3661515544390725,22.257604235086024,0.2730356852213542
classical_adjoint,2022121706,0.2109086417240007,23.03568195922392,0.539003539399739,0.17795282105604804,0.9844556649525961,0.0123833815256754,0.0,0.508857806523641,0.3913602515209968,0.3577793733476709,22.570637440073693,0.2921651204427083
classical_adjoint,2022121707,0.22966671848125822,21.866934551279268,0.5153220421639781,0.2025560289621353,0.9866388241449991,0.010774135589599533,0.0,0.5564704934755961,0.3092494569552305,0.4147839947181428,21.42278347129275,0.2518463134765625
classical_adjoint,2022121708,0.21584071217449388,22.1047342746574,0.533095439215232,0.19334486126899716,0.981455127398173,0.010508298873901334,0.0,0.5403642455736796,0.42057128653666537,0.36047909963197355,22.053229807062493,0.1886749267578125
classical_l1wav,2022101101,0.21014777701659246,22.066232803272538,0.5297357363418512,0.18422634402910865,0.9688417911529541,2.7824792861938477,0.0,0.5186265607674917,0.39517754925277027,0.3571768531999921,21.9965587296867,0.253021240234375
classical_l1wav,2022101102,0.2072329725428603,21.997853947099873,0.5480785853964781,0.1739056706428527,0.9547709623972574,2.5590590635935464,0.0,0.4960111180941264,0.4276083539357633,0.32875700388022416,22.923908790131208,0.290924072265625
classical_l1wav,2022101103,0.21773926419560893,22.14527814328234,0.5263491481056736,0.1914242357015609,0.9716629584630329,2.310859123865763,0.0,0.5357224345207214,0.3912680730336265,0.3637592144913486,22.094161629688813,0.2777506510416667
classical_l1wav,2022101201,0.22468869464039373,21.534796235451495,0.5374239796342509,0.18604129552841184,0.9747007886568705,2.1143807570139566,0.0,0.5020170013109843,0.36398721717591825,0.36412695242807147,22.109102059457268,0.260162353515625
classical_l1wav,2022101204,0.24786568391814298,21.67477241259618,0.48133256785687073,0.17634291946887962,0.9764484763145447,2.104909340540568,0.0,0.5219435095787048,0.36010870995943023,0.38107705297274386,22.297620606564905,0.2785237630208333
classical_l1wav,2022101301,0.21789428693676152,22.494024839319668,0.5078974428173351,0.19026193519433335,0.9695015350977579,2.0241469542185464,0.0,0.5270644426345825,0.3817066829272309,0.36529498089063656,22.22103967251849,0.2718658447265625
classical_l1wav,2022101302,0.24444731300597553,20.601471636307373,0.4787884142033707,0.1958612501621246,0.9881410400072733,2.0977898438771563,0.0,0.5330299933751425,0.352246391473024,0.37738125725379384,21.304779943324675,0.22681172688802084
classical_l1wav,2022101303,0.2411423593913952,20.368661422169556,0.5624490556305055,0.175425112247467,0.9626124501228333,2.3629350662231445,0.0,0.5033755799134573,0.37645228845363543,0.3665392496803987,22.435877562987244,0.07523600260416667
classical_l1wav,2022112702,0.21704756990700227,22.324428867726965,0.47629539406863003,0.17822382350762686,0.9765084981918335,2.3032802740732827,0.0,0.5114269057909647,0.36405216039493155,0.36728932321512736,22.39041234337046,0.24625651041666666
classical_l1wav,2022112704,0.23887418940249097,22.388832137986608,0.5074330240716717,0.1834620386362075,0.9783408840497335,2.0137929916381836,0.0,0.521538257598877,0.39455103272505254,0.3661078434820318,22.968566136150994,0.26214599609375
classical_l1wav,2022120401,0.22394200362672725,22.418931746724585,0.5100947579596797,0.1834336817264556,0.9877404371897379,2.132667144139608,0.0,0.5182842016220093,0.3810840456490594,0.35959934010182354,22.529659695417667,0.2919209798177083
classical_l1wav,2022120402,0.20759268292921373,22.255746601830527,0.4853436848190458,0.17886129021644584,0.971886356671651,2.1768608887990317,0.0,0.5241032838821411,0.3833747308608783,0.3601994183638964,21.920635461120877,0.24783833821614584
classical_l1wav,2022120403,0.22361269095753109,22.16200274712286,0.4862368227715714,0.176473061243693,0.9888765811920166,2.1215060551961265,0.0,0.513944149017334,0.37770671508970205,0.35852732898733747,22.293293154817388,0.2789764404296875
classical_l1wav,2022120404,0.2075557218137002,23.08408006520371,0.5192954424022743,0.1804342816273371,0.9865623712539673,2.2061611811319985,0.0,0.5040343006451925,0.3959426031015773,0.3472348720199705,22.989109338661677,0.25665283203125
classical_l1wav,2022120406,0.2191913641460447,21.583834937204717,0.5040992916732469,0.17792043089866638,0.9749181071917216,2.1939669450124106,0.0,0.5112241903940836,0.4045263082667152,0.34899851236526863,22.529422650377068,0.2366943359375
classical_l1wav,2022120407,0.22047268793694283,22.280543527676517,0.5045879452874836,0.179697369535764,0.962661862373352,2.3307925860087075,0.0,0.5085440079371134,0.4028679620780585,0.352239388227834,22.56282526030954,0.2529856363932292
classical_l1wav,2022120408,0.22432147677813918,21.605690383653254,0.5113615834776047,0.17951552569866178,0.9556350906689962,2.6514598528544107,0.0,0.505740245183309,0.41784936273886525,0.34296574622186116,22.049685549358383,0.24932861328125
classical_l1wav,2022120409,0.215754316225118,22.75650545921515,0.5045446192795143,0.1761369158824285,0.9647131363550822,2.1278532346089682,0.0,0.5155864159266154,0.38561533233333406,0.3605512325607167,22.482176954254722,0.2844441731770833
classical_l1wav,2022121701,0.2140520571400594,21.12415085474083,0.4879077401488037,0.18667856852213535,0.9763912757237753,2.060232083002726,0.0,0.5219929019610087,0.3959539400809588,0.3557891871533219,21.998838012098897,0.20310465494791666
classical_l1wav,2022121702,0.22303253255942676,21.621830529800658,0.48102418714820966,0.165961354970932,0.9572185476620992,2.1050474643707275,0.0,0.4964394271373749,0.41492417863201014,0.334517564575898,22.272629690669547,0.2684733072916667
classical_l1wav,2022121703,0.22037449569997083,21.689877699605432,0.49047462400306374,0.18039600551128387,0.9491336345672607,2.2182605266571045,0.0,0.5092616379261017,0.4035895771126156,0.3450248238435874,21.872821206655363,0.261993408203125
classical_l1wav,2022121705,0.23813815877467168,21.89745215960959,0.5088512722053494,0.17574367423852286,0.9780371387799581,2.039128383000692,0.0,0.515161136786143,0.4130775583296397,0.35223418075614615,22.594485503975488,0.2730356852213542
classical_l1wav,2022121706,0.20415629106024358,23.32484877606861,0.5332348343620356,0.18059935669104255,0.9662243525187174,2.138185977935791,0.0,0.5000473856925964,0.4153501437784645,0.34065750306193077,22.99575392068886,0.2921651204427083
classical_l1wav,2022121707,0.22296668967649644,22.13386752986712,0.5037913026120405,0.20392554998397824,0.9805110891660055,2.317399581273397,0.0,0.5527092417081197,0.34546998052819694,0.39387691452926415,21.873530041065266,0.2518463134765625
classical_l1wav,2022121708,0.2052829109126216,22.53859569975287,0.5394602956611496,0.19063084324200943,0.9595309694608053,2.1301815509796143,0.0,0.5278127590815226,0.4376527642016512,0.3439246439872594,22.460023618719635,0.1886749267578125
comp2_ft,2022101101,0.14722608895933598,25.136335980488678,0.6993649457110492,0.26009744405746454,0.8547987937927246,14.661519130071005,100.0,0.46711665391921997,0.41485877951953976,0.33820432359593516,22.465090744111006,0.253021240234375
comp2_ft,2022101102,0.15942594557698866,24.260177363969376,0.6959885518937535,0.2483950903018315,0.8461219469706217,14.471688429514566,100.0,0.4515240788459778,0.45471732568384526,0.3171119685277744,23.236758327809564,0.290924072265625
comp2_ft,2022101103,0.1368068842235794,26.17424858542063,0.7280741087255422,0.27553155024846393,0.8663921356201172,14.468876918156942,100.0,0.4827859898408254,0.42948505865578107,0.3416670494184229,22.634499740717825,0.2777506510416667
comp2_ft,2022101201,0.14173687655239853,25.520622224630227,0.7298423815507692,0.25203955670197803,0.8611810406049093,14.59663470586141,100.0,0.45134613911310834,0.3966208827017623,0.33590841262998516,22.807910739886108,0.260162353515625
comp2_ft,2022101204,0.1509643761118561,25.98161017666487,0.7304195058475486,0.24715723594029745,0.8009161750475565,14.374480565388998,100.0,0.432191660006841,0.42501198156365083,0.3230179150850297,23.729890657002333,0.2785237630208333
comp2_ft,2022101301,0.15337549685337928,25.54416743367929,0.6991476043017203,0.2631521224975586,0.8318982521692911,14.622271855672201,100.0,0.4655132293701172,0.40735111019588754,0.34702115281135887,22.66667507282122,0.2718658447265625
comp2_ft,2022101302,0.17550536697130315,23.476350667700725,0.6893896373452328,0.2671339710553487,0.8473219871520996,14.357290824254354,100.0,0.47153719266255695,0.4137000939318745,0.3500213036597298,21.956912597949685,0.22681172688802084
comp2_ft,2022101303,0.1336209568277089,25.421582665165346,0.8413020857330117,0.24295061330000556,0.802317221959432,14.603523254394531,100.0,0.4283476074536641,0.4451028789501996,0.30920571472694164,23.90512496616878,0.07523600260416667
comp2_ft,2022112702,0.1475394019237207,25.672665710392938,0.6888086569917351,0.24993451436360678,0.8410395185152689,14.358532985051474,100.0,0.4479285975297292,0.39203403904263706,0.340337711695212,23.05060301091444,0.24625651041666666
comp2_ft,2022112704,0.13998695837165467,27.02524075758858,0.7455070364003502,0.25643429160118103,0.8380035161972046,14.611709753672281,100.0,0.4531133472919464,0.4457397346848271,0.32154017402501434,24.096812890707227,0.26214599609375
comp2_ft,2022120401,0.14910460353843244,25.944413381516117,0.7031325741456219,0.2594762643178304,0.867767333984375,14.432815154393515,100.0,0.4666258990764618,0.4305194350862553,0.3331109072002869,23.19516239473498,0.2919209798177083
comp2_ft,2022120402,0.14980815128902486,25.078025915710736,0.6538261651084191,0.26331077019373567,0.8578005234400431,14.639339844385782,100.0,0.4720888634522756,0.3950755590522541,0.34740269600784507,22.23172211280024,0.24783833821614584
comp2_ft,2022120403,0.15668263669981966,25.249014007100353,0.6822023105023792,0.24892428517341614,0.8543426791826884,14.343283971150717,100.0,0.45074965556462604,0.41742931490209867,0.3292240012150038,23.03320127064813,0.2789764404296875
comp2_ft,2022120404,0.1447874735111304,26.221648698597615,0.6957244851844747,0.2495949168999989,0.8724764188130697,14.588338057200113,100.0,0.454779992500941,0.43240499978653557,0.3240554933196797,23.58967953717388,0.25665283203125
comp2_ft,2022120406,0.1548644482882085,24.598690614775123,0.6850190246815115,0.25605120261510206,0.861673374970754,14.338680823644003,100.0,0.4611192643642425,0.4375046848290878,0.32841715278601086,23.058880030627407,0.2366943359375
comp2_ft,2022120407,0.1443828649559732,25.964779641908695,0.6977160882857292,0.2536550213893254,0.8189668456713358,14.588913599650065,100.0,0.4498778482278188,0.4329808612799359,0.32267741304239994,23.32798465449262,0.2529856363932292
comp2_ft,2022120408,0.13568515400534661,25.975976282786206,0.717872340900664,0.2494872361421585,0.8240178227424622,14.41801087061564,100.0,0.4459892809391022,0.4535013322327392,0.31022674620784846,22.926913846058213,0.24932861328125
comp2_ft,2022120409,0.12986766693806864,27.149097978760768,0.7163961841236336,0.25917256871859234,0.839013914267222,14.640751441319784,100.0,0.4534699817498525,0.41919180121750516,0.3275866106071821,23.31302345690608,0.2844441731770833
comp2_ft,2022121701,0.15511728246265422,23.91769548777407,0.6570552123181832,0.264204998811086,0.8558719555536906,14.36662745475769,100.0,0.4733082552750905,0.4191726304833576,0.3405666753814187,22.382068042543178,0.20310465494791666
comp2_ft,2022121702,0.16270523208394183,24.36127179265979,0.6739212006850207,0.2508794516324997,0.8507988452911377,14.605140129725138,100.0,0.4446583886941274,0.46446518594923186,0.3087627548625693,22.96954104083194,0.2684733072916667
comp2_ft,2022121703,0.1627744944611578,24.29337530797987,0.6633136059173979,0.25579561789830524,0.8370554447174072,14.355826218922934,100.0,0.45663610100746155,0.43893573812389636,0.32335773344206203,22.42870526866214,0.261993408203125
comp2_ft,2022121705,0.16085915370169412,25.299927373053666,0.7248460241388667,0.2525808314482371,0.8589501976966858,14.604402303695679,100.0,0.4480648338794708,0.4642980546741636,0.3155370408747776,23.55016830734782,0.2730356852213542
comp2_ft,2022121706,0.14536413650405325,26.268344654330775,0.6931071085501158,0.2593615651130676,0.8635727167129517,14.364729007085165,100.0,0.45940858125686646,0.43877773666915537,0.3253664306579844,23.396513846056916,0.2921651204427083
comp2_ft,2022121707,0.13557224275979007,26.440887977815617,0.7386896370289998,0.285802960395813,0.8686509132385254,14.599252939224243,100.0,0.49970054626464844,0.37536884802869447,0.37819420741023896,22.225060928676935,0.2518463134765625
comp2_ft,2022121708,0.16080082943528387,24.675323002857642,0.6540000437668171,0.28352690736452735,0.8793168465296427,14.332018534342447,100.0,0.4938366413116455,0.43077783086647403,0.35061238097349223,22.301799276838963,0.1886749267578125
comp2_merge,2022101101,0.144090412545515,25.33268644949294,0.7113306501759923,0.3115466932455699,0.8510488470395406,14.145915428797403,100.0,0.4652219414710998,0.41980378214063946,0.3367376247385176,22.501919296790636,0.253021240234375
comp2_merge,2022101102,0.1617067118355671,24.136970633686776,0.6906419258746513,0.29735315839449566,0.8465684851010641,14.468696196873983,100.0,0.4523533085982005,0.4530776159542307,0.318243035306925,23.20444118476387,0.290924072265625
comp2_merge,2022101103,0.13783108441437839,26.110265024593144,0.7215794349083477,0.33193238576253253,0.8692481319109598,14.262148062388102,100.0,0.4839787185192108,0.43151123230061544,0.34042076275653743,22.666599800589584,0.2777506510416667
comp2_merge,2022101201,0.14204414378080857,25.50710680155251,0.7300472769126775,0.3062369028727214,0.8618541757265726,14.56059741973877,100.0,0.45157519976298016,0.4031424859351655,0.33377775541910215,22.863102242659284,0.260162353515625
comp2_merge,2022101204,0.15045601709281703,26.010431320991632,0.7251097353946925,0.3016669948895772,0.804108182589213,14.291444301605225,100.0,0.43443532784779865,0.4344834292631849,0.31912966941937215,23.835764566913628,0.2785237630208333
comp2_merge,2022101301,0.15242083020266023,25.599862255976337,0.6991385116348048,0.3186319768428802,0.8334169189135233,14.535998503367106,100.0,0.4668565094470978,0.4120225047574327,0.34423484978139857,22.737018916833517,0.2718658447265625
comp2_merge,2022101302,0.17825110227478216,23.34073799158932,0.6898364115692394,0.31952742735544837,0.8453400135040283,14.288109540939331,100.0,0.47020724415779114,0.40701686281235633,0.35352721479801424,21.869583806280968,0.22681172688802084
comp2_merge,2022101303,0.13085468314332308,25.60409377479135,0.8461353584254877,0.29457854231198627,0.8005619446436564,14.609680811564127,100.0,0.42753605047861726,0.4476234453365209,0.3078615947317074,23.94282376054559,0.07523600260416667
comp2_merge,2022112702,0.1470850387669875,25.702829669724085,0.6949379564127182,0.3013187050819397,0.8397816816965739,14.265454451243082,100.0,0.4472605089346568,0.39579507095798344,0.3384397780198049,23.09860160553912,0.24625651041666666
comp2_merge,2022112704,0.14054595488271057,26.989916971360188,0.7464507454188576,0.3112391034762065,0.838068683942159,14.543247699737549,100.0,0.4533969263235728,0.45135702709527087,0.3201928621803188,24.131978942630496,0.26214599609375
comp2_merge,2022120401,0.14704735407347666,26.0661041668324,0.7108098953406393,0.31391924619674677,0.8678009510040283,14.282956600189209,100.0,0.46648623545964557,0.43521978070917666,0.33136327959239453,23.240868812808248,0.2919209798177083
comp2_merge,2022120402,0.1484532845073428,25.158541584240794,0.6658310577612603,0.31699418028195697,0.8560914198557535,14.51192339261373,100.0,0.47128042578697205,0.3997112634397804,0.3468451208385244,22.245898282544967,0.24783833821614584
comp2_merge,2022120403,0.15797132183773024,25.177600816790413,0.6824233922627138,0.30011244614919025,0.8539380431175232,14.280548731486002,100.0,0.45023760199546814,0.41397443214944585,0.33072855795355377,22.993702578596213,0.2789764404296875
comp2_merge,2022120404,0.14251438044233242,26.352922494662284,0.701966209271006,0.30133230487505597,0.8737953702608744,14.632126013437906,100.0,0.45475929975509644,0.4360214504924949,0.32265599839905473,23.62756965883857,0.25665283203125
comp2_merge,2022120406,0.15889811200884899,24.37514535879826,0.6780684788805221,0.31000593304634094,0.8658043344815572,14.274170398712158,100.0,0.46326009432474774,0.4412771354823947,0.3277854107705573,23.075177136644893,0.2366943359375
comp2_merge,2022120407,0.14391475745331,25.998697697297803,0.7036376532684274,0.3069385786851247,0.8195435404777527,14.526727994283041,100.0,0.45025776823361713,0.4368290602534315,0.32195458353821915,23.350819650932653,0.2529856363932292
comp2_merge,2022120408,0.13285555602270774,26.15791136657504,0.7254127176830809,0.3003767530123393,0.8223947286605835,14.27964440981547,100.0,0.44553951422373456,0.4660407594909213,0.3055046529392544,23.059723072602115,0.24932861328125
comp2_merge,2022120409,0.12985081053126643,27.149653184027347,0.717946986070262,0.3122304677963257,0.8367729584376017,14.533904075622559,100.0,0.4521670738855998,0.4193206939493348,0.3277398979201876,23.308465306191696,0.2844441731770833
comp2_merge,2022121701,0.15338872351249835,24.0174739596422,0.6628324671404192,0.31921643018722534,0.8552067875862122,14.263165394465128,100.0,0.47317931056022644,0.4255182999983958,0.33849470199926895,22.4360162614384,0.20310465494791666
comp2_merge,2022121702,0.16325134026813745,24.329180461282736,0.6668631866605895,0.3064728279908498,0.8556726773579916,14.537174463272095,100.0,0.4473724365234375,0.4725965793699554,0.30463651433308625,23.086902228259564,0.2684733072916667
comp2_merge,2022121703,0.1636317049619984,24.244120701758447,0.6665014515913049,0.3071167270342509,0.837402323881785,14.280738592147827,100.0,0.45738232135772705,0.4428000668092005,0.32225555810622086,22.457138860037492,0.261993408203125
comp2_merge,2022121705,0.1627224891552434,25.198889542916074,0.7162825120837603,0.30513882637023926,0.8643929958343506,14.53879968325297,100.0,0.4504329065481822,0.4749606958183001,0.31134407261482117,23.665153796770998,0.2730356852213542
comp2_merge,2022121706,0.14531356390297906,26.2705746906577,0.6915963521914309,0.3139467040697733,0.864079753557841,14.381882826487223,100.0,0.45922089616457623,0.44135307021119363,0.3244640184276179,23.420479539547348,0.2921651204427083
comp2_merge,2022121707,0.13458782185052653,26.504394837062467,0.739862558759205,0.34245503942171734,0.8680409590403239,14.53719695409139,100.0,0.49909143646558124,0.37697790686491367,0.377598431880311,22.238881726981504,0.2518463134765625
comp2_merge,2022121708,0.16176187497941383,24.615128620133078,0.6618903340969374,0.34160227576891583,0.8785212238629659,14.26336407661438,100.0,0.4934694667657216,0.43493121640915505,0.3506200359238161,22.304191589721913,0.1886749267578125
dup2_ft,2022101101,0.1614825660270102,24.335587632078177,0.6580918932502557,0.2632276713848114,0.8618933359781901,14.765127897262573,100.0,0.4717021882534027,0.40025543163790606,0.3437829709328291,22.31958642136523,0.253021240234375
dup2_ft,2022101102,0.1662890022987127,23.89764723175598,0.6791074841152586,0.24345060189565015,0.8562993407249451,15.089758714040121,100.0,0.45541690786679584,0.44682136778996345,0.3212046597266745,23.122130484222595,0.290924072265625
dup2_ft,2022101103,0.15050003066489834,25.348375803726466,0.692238230541709,0.26845986644426983,0.8692970673243204,14.86799987157186,100.0,0.48652003208796185,0.4118893519024109,0.3479334744021032,22.47698596550391,0.2777506510416667
dup2_ft,2022101201,0.1582789780154236,24.55396436060586,0.6951603275367254,0.2445736428101857,0.8748679955800375,15.206424474716187,100.0,0.4566417634487152,0.3850895078242895,0.3420338670903233,22.649574331072444,0.260162353515625
dup2_ft,2022101204,0.15545673600400503,25.721631477229632,0.7121759792015667,0.24798704187075296,0.8060503602027893,14.75719165802002,100.0,0.4371902147928874,0.42630544777940926,0.32325882476576334,23.72437829642985,0.2785237630208333
dup2_ft,2022101301,0.15919808342587308,25.245877873662337,0.6796031768038767,0.2674681941668193,0.8492647608121237,15.09972882270813,100.0,0.469373881816864,0.4012639535734956,0.34954169397588813,22.606296508562334,0.2718658447265625
dup2_ft,2022101302,0.18810526005011205,22.868972088013493,0.6543755152071736,0.268451581398646,0.8495981295903524,14.853883504867554,100.0,0.4753803312778473,0.3958490210270514,0.3570849865797405,21.783527697946198,0.22681172688802084
dup2_ft,2022101303,0.14565756001428942,24.68957564051566,0.8145891138988661,0.24109556774298346,0.8183529178301493,15.146793762842814,100.0,0.43506482243537903,0.4331499727812956,0.3175007472188692,23.675505309778956,0.07523600260416667
dup2_ft,2022112702,0.1598691330720106,24.986142499308965,0.6468646532213661,0.2514853775501251,0.8445872664451599,15.346464077631632,100.0,0.4534585177898407,0.3768980142415422,0.3462927388350967,22.89887493072779,0.24625651041666666
dup2_ft,2022112704,0.15254046211575165,26.278050942403883,0.7193504190113584,0.2550490548213323,0.8480686545372009,15.339425881703695,100.0,0.4563134908676147,0.43406406311592405,0.3267088535139494,23.95692676140965,0.26214599609375
dup2_ft,2022120401,0.15962462435001615,25.36075470066764,0.6754851115385447,0.2619771361351013,0.8794933358828226,14.846973657608034,100.0,0.4705352584520976,0.42014870529240333,0.33791223683865246,23.069925761792234,0.2919209798177083
dup2_ft,2022120402,0.17575697664936932,23.70268131535074,0.5931975955525822,0.2590137819449107,0.8648518323898315,14.998311201731363,100.0,0.47926585872968036,0.3717344482054621,0.3587002353688849,21.95385404605886,0.24783833821614584
dup2_ft,2022120403,0.17408490368567717,24.355292355972527,0.6220908144171355,0.25396243731180823,0.8625362912813822,14.937333901723227,100.0,0.4570930103460948,0.39792730526696957,0.3365922019003486,22.84025979273967,0.2789764404296875
dup2_ft,2022120404,0.16124607901094476,25.27616153491301,0.646500269688365,0.2545086940129598,0.8827777902285258,15.040233373641968,100.0,0.4617210030555725,0.4105469122339153,0.33325095284624834,23.346360124472458,0.25665283203125
dup2_ft,2022120406,0.17807021891379882,23.388330256514298,0.627598200215409,0.2567387521266937,0.8826173543930054,14.935426155726114,100.0,0.47022394339243573,0.42254407160214846,0.3374489002604422,22.82404320609356,0.2366943359375
dup2_ft,2022120407,0.1633719137349717,24.896036700925787,0.6489959013571528,0.25178687274456024,0.8406282663345337,15.099920431772867,100.0,0.4558597207069397,0.41663911040098617,0.33055835092048097,23.11938219255623,0.2529856363932292
dup2_ft,2022120408,0.15603870135753825,24.7703664031153,0.6666004471725707,0.24793391426404318,0.8339881300926208,14.988670269648233,100.0,0.4519290626049042,0.4357526777791183,0.318439481292951,22.699536671032153,0.24932861328125
dup2_ft,2022120409,0.15037155534399108,25.871779118055183,0.659845835591251,0.25667018194993335,0.8381815552711487,15.382793188095093,100.0,0.45809157689412433,0.3992882353225134,0.3353469950785186,23.108084421708018,0.2844441731770833
dup2_ft,2022121701,0.16118979248515172,23.586218148031907,0.6407222407517844,0.26571822166442866,0.8727543751398722,15.309680700302124,100.0,0.47504475712776184,0.4143439133609898,0.343557909490406,22.30478175940074,0.20310465494791666
dup2_ft,2022121702,0.17173097150169367,23.888391965936275,0.6417444946850156,0.24310822784900665,0.8610775073369344,15.339058558146158,100.0,0.4504968424638112,0.45188208023367266,0.3137946053953043,22.826399991134394,0.2684733072916667
dup2_ft,2022121703,0.1806461288068957,23.38089096951063,0.610871410331031,0.25509562095006305,0.8417205413182577,15.039633830388388,100.0,0.4634123245875041,0.41219824043126346,0.33330121119257433,22.165515588533243,0.261993408203125
dup2_ft,2022121705,0.19159751244830006,23.83594823286272,0.6391690456770375,0.24528820315996802,0.8541332284609476,15.102858225504557,100.0,0.4614629050095876,0.4359512398968899,0.3305203990587301,23.15864149378085,0.2730356852213542
dup2_ft,2022121706,0.1691756151475635,24.95295144326208,0.6310771652864905,0.24689429004987073,0.8783033887545267,14.861485640207926,100.0,0.46762638290723163,0.4094171149277413,0.33781058300124805,23.07054346010071,0.2921651204427083
dup2_ft,2022121707,0.14485166455511683,25.874602367615285,0.7165008984813298,0.2839627762635549,0.8765542904535929,15.001704533894857,100.0,0.5025986830393473,0.3665836304198072,0.3815564708287122,22.14830051866935,0.2518463134765625
dup2_ft,2022121708,0.1853602806893866,23.45609296559964,0.5985858269053953,0.2766330043474833,0.8864468336105347,14.795861721038818,100.0,0.5022046466668447,0.4070138196091609,0.36252628310106916,22.016339671972137,0.1886749267578125
dup2_merge,2022101101,0.1647774260055127,24.16876291986561,0.6449791303729205,0.19003484149773908,0.8661640286445618,15.102694670359293,100.0,0.4728709061940511,0.4189742335966118,0.3370705221929376,22.492031101382064,0.253021240234375
dup2_merge,2022101102,0.16884005687169432,23.768219410306994,0.6666703514917391,0.17439272006352738,0.8674721320470175,14.780388593673706,100.0,0.45993884404500324,0.46710985047265235,0.3129638305226981,23.34803184260146,0.290924072265625
dup2_merge,2022101103,0.15142958819085348,25.29570915244972,0.6883437988868738,0.19469830890496573,0.8752153118451437,14.895538171132406,100.0,0.488866666952769,0.43631518219726056,0.33837403293627616,22.719715744776334,0.2777506510416667
dup2_merge,2022101201,0.16198455867830105,24.351257909359195,0.6829133716219262,0.17932147284348798,0.8813749353090922,15.262723525365194,100.0,0.45938474933306367,0.40524651143641455,0.3357748728039727,22.810204552680876,0.260162353515625
dup2_merge,2022101204,0.16035377588787667,25.45375511952294,0.6937610375823872,0.18396382033824918,0.8154457012812296,14.866270860036215,100.0,0.4416302541891734,0.4459728068964073,0.3170200743573301,23.893326680595475,0.2785237630208333
dup2_merge,2022101301,0.1609415344866643,25.14831213400549,0.6677254363082857,0.19219195842742917,0.8535399039586385,14.944389899571737,100.0,0.47042953968048096,0.4194791786043118,0.3430754896228129,22.768058117135194,0.2718658447265625
dup2_merge,2022101302,0.19302480436001068,22.649908308435986,0.6357048853532422,0.1946484794219335,0.8594060142834982,14.810508251190186,100.0,0.47969967126846313,0.41688955711093384,0.3479162364213293,22.010880994836317,0.22681172688802084
dup2_merge,2022101303,0.15279616191749404,24.275154435323316,0.7937346331754096,0.177564983566602,0.826230506102244,15.033667961756388,100.0,0.4378017683823903,0.44628711087570583,0.3115618906605038,23.839170438977856,0.07523600260416667
dup2_merge,2022112702,0.16557517254874185,24.68233385193871,0.6300266637659165,0.1827653000752131,0.8525809049606323,14.953387578328451,100.0,0.4567150076230367,0.40126440922794,0.3392969255374834,23.075848256335494,0.24625651041666666
dup2_merge,2022112704,0.1554079237132901,26.11612202377484,0.707217582616036,0.18774573504924771,0.8533605337142944,14.951735178629557,100.0,0.4588351051012675,0.4558331593028883,0.319852932760448,24.141370566156624,0.26214599609375
dup2_merge,2022120401,0.16455001949264056,25.093205860198783,0.6635104361046674,0.19072748223940525,0.8895363410313925,14.768505652745565,100.0,0.4744347929954529,0.4435621014817892,0.3298290921686869,23.28140124052439,0.2919209798177083
dup2_merge,2022120402,0.17296822849676938,23.83249024156555,0.5959814428435187,0.1867071787516276,0.8678540190060934,15.04155190785726,100.0,0.48025543491045636,0.3947508439486383,0.35052906907137443,22.153863191435253,0.24783833821614584
dup2_merge,2022120403,0.17816206584102612,24.135763548537444,0.6111947160849126,0.18161174654960632,0.8708375891049703,14.751012643178305,100.0,0.45981358488400775,0.42165019428794887,0.3296805348790982,23.020600274274702,0.2789764404296875
dup2_merge,2022120404,0.16498055810302378,25.082341344248572,0.6342750607195466,0.1847404986619949,0.8899366855621338,15.266398588816324,100.0,0.46427468458811444,0.43192052541267273,0.3270869221699404,23.508964665711613,0.25665283203125
dup2_merge,2022120406,0.17491770791786984,23.542417828899644,0.6358460310093537,0.1852485239505767,0.885405162970225,14.775195598602295,100.0,0.4708207647005717,0.44934596527103315,0.32714382722619545,23.09308665422348,0.2366943359375
dup2_merge,2022120407,0.16125518666034563,24.998243985328468,0.651181807569755,0.18004196385542545,0.8450611631075541,15.281463464101156,100.0,0.4567463795344035,0.44146004657447535,0.3217136781484739,23.352387126634397,0.2529856363932292
dup2_merge,2022120408,0.15644151702324544,24.737581089881473,0.6604467027435373,0.18263887365659073,0.841966430346171,15.245399872461954,100.0,0.45583256085713697,0.4625392227075194,0.3079418061708828,22.99061684604287,0.24932861328125
dup2_merge,2022120409,0.1505035084174646,25.864204653149045,0.6596939850747054,0.1854223012924194,0.8425227602322897,15.21063756942749,100.0,0.4592576026916504,0.42192084746655345,0.3280969752895651,23.299365432412284,0.2844441731770833
dup2_merge,2022121701,0.16363215638390527,23.452056228418353,0.6293434168227302,0.19405927757422126,0.8821944197018942,15.152811924616495,100.0,0.4788876374562581,0.43948246874126173,0.3335773766170466,22.559898367558848,0.20310465494791666
dup2_merge,2022121702,0.17166339345509898,23.891207010560663,0.6378559607460731,0.17452171941598252,0.865188201268514,15.769319693247477,100.0,0.45089863737424213,0.4756451289398919,0.3041297290004856,23.096873431977173,0.2684733072916667
dup2_merge,2022121703,0.18205005483271844,23.310466598521277,0.6018700867645755,0.184865728020668,0.8470618724822998,14.951542377471924,100.0,0.46585701902707416,0.43990376409247073,0.32320526971025565,22.432201562396234,0.261993408203125
dup2_merge,2022121705,0.1914552088839929,23.815387506185015,0.6266595638169449,0.1775416930516561,0.861550490061442,14.999633073806763,100.0,0.46441850066185,0.45595450724099273,0.32209511020512066,23.379042199794636,0.2730356852213542
dup2_merge,2022121706,0.16939940436460646,24.93809638030254,0.630556285815569,0.17703783015410104,0.884432832400004,14.860793431599935,100.0,0.4698246618111928,0.4390016686278913,0.3272500649931998,23.347533480361587,0.2921651204427083
dup2_merge,2022121707,0.14739398141350657,25.718523031420045,0.7034216218290812,0.20510567227999363,0.8816282749176025,14.97158169746399,100.0,0.5042371948560079,0.38442356298856534,0.374100671744197,22.319849728136788,0.2518463134765625
dup2_merge,2022121708,0.18575620920837052,23.42960387005439,0.6011142962761561,0.1993666191895803,0.8926069537798563,14.754191319147745,100.0,0.5043128530184428,0.4339044823664257,0.35228740589363233,22.267278572961363,0.1886749267578125
fcomp2_ft,2022101101,0.14562495936725003,25.232353423312304,0.7030943772792804,0.3472770055135091,0.8375651637713114,14.01719872156779,100.0,0.46426984667778015,0.4160146443873735,0.3381806963161256,22.461047558272142,0.253021240234375
fcomp2_ft,2022101102,0.15642845301327002,24.425773132169734,0.6958741967062761,0.3260125418504079,0.833283265431722,14.168888568878174,100.0,0.4513765076796214,0.4574723160423719,0.3149451077023231,23.295882314228134,0.290924072265625
fcomp2_ft,2022101103,0.14283186725606323,25.80698759991243,0.7215154526134238,0.3671981294949849,0.8500757217407227,14.339374621709188,100.0,0.4844966034094493,0.42106574776819033,0.3466611319306796,22.50857578285121,0.2777506510416667
fcomp2_ft,2022101201,0.1349469804018277,25.933071287955073,0.7571147031076843,0.33369887868563336,0.8541101217269897,14.535954078038534,100.0,0.4489414890607198,0.4051759594960733,0.3329743377589143,22.883666637055807,0.260162353515625
fcomp2_ft,2022101204,0.14845001598161112,26.123740504853703,0.7391218498097639,0.3221359550952911,0.7952396273612976,14.334032535552979,100.0,0.432908554871877,0.43157619750625975,0.32112114721734497,23.781027303221105,0.2785237630208333
fcomp2_ft,2022101301,0.14761780361121804,25.879382959960477,0.7071979450888608,0.3523501058419545,0.8465626835823059,14.60892653465271,100.0,0.46420638759930927,0.4084237296356241,0.34568726314850157,22.700985672696913,0.2718658447265625
fcomp2_ft,2022101302,0.17348948972863842,23.57620605417088,0.6941420015432227,0.3554919958114624,0.8400798439979553,14.347504297892252,100.0,0.47219831744829815,0.41242388394175317,0.3495127312307173,21.96961781647118,0.22681172688802084
fcomp2_ft,2022101303,0.13728559013050132,25.198034259858094,0.8390341606316837,0.312667449315389,0.7974684039751688,14.600886503855387,100.0,0.42763829231262207,0.43517156894827064,0.3126564706416806,23.808956495821302,0.07523600260416667
fcomp2_ft,2022112702,0.1472595502220934,25.691282652785958,0.6857650583707939,0.3337106208006541,0.8302897810935974,14.383102973302206,100.0,0.4487590988477071,0.39748390911605885,0.3373846855281884,23.126032198138176,0.24625651041666666
fcomp2_ft,2022112704,0.14020787200522086,27.011470827574254,0.7450639132112183,0.33758466442426044,0.8436394532521566,14.61697268486023,100.0,0.452863872051239,0.4457059150558535,0.3213818658888861,24.10160778393755,0.26214599609375
fcomp2_ft,2022120401,0.1478734224083161,26.03117970047558,0.7131861935021583,0.34546605745951336,0.8760494987169901,14.51055105527242,100.0,0.4665312170982361,0.4321814312712083,0.33356919796325,23.18220376778449,0.2919209798177083
fcomp2_ft,2022120402,0.14920783188256395,25.113099897585595,0.6699664097007032,0.3569457332293193,0.8659597833951315,14.68915589650472,100.0,0.47250078121821076,0.4040142969241119,0.34667372291475446,22.25004239187749,0.24783833821614584
fcomp2_ft,2022120403,0.15254606121333805,25.480573408784142,0.6957791321647581,0.3361651599407196,0.857947568098704,14.363991340001425,100.0,0.44845540324846905,0.42568691979430034,0.3271849591466341,23.087369112750906,0.2789764404296875
fcomp2_ft,2022120404,0.15046591118585256,25.87535527214153,0.6815416243459086,0.33874677618344623,0.8667336304982504,14.602986256281534,100.0,0.45792831977208454,0.42426539702009297,0.32746355732393445,23.498610225687795,0.25665283203125
fcomp2_ft,2022120406,0.15227884458344554,24.74579288467198,0.6924662714031423,0.3392915427684784,0.8601919412612915,14.394821882247925,100.0,0.46117250124613446,0.4465608186401868,0.3248619067842236,23.153734192265194,0.2366943359375
fcomp2_ft,2022120407,0.1444762882489446,25.960455716197938,0.709690763442754,0.33356786767641705,0.8238650957743326,14.58521056175232,100.0,0.4508653481801351,0.437621749018083,0.3228152647387119,23.321649473272895,0.2529856363932292
fcomp2_ft,2022120408,0.13595378092914742,25.958460748435257,0.7172201917407607,0.3291019101937611,0.822674294312795,14.353499015172323,100.0,0.44663651784261066,0.4607504830708638,0.3075517683963996,23.001621193336135,0.24932861328125
fcomp2_ft,2022120409,0.1316178428754555,27.032641476011758,0.7059843662513258,0.342312624057134,0.8229915499687195,14.62008269627889,100.0,0.4530552923679352,0.41552044607414595,0.32829570359592003,23.29279548891022,0.2844441731770833
fcomp2_ft,2022121701,0.1501453138915845,24.203731898648616,0.6707367012844528,0.3492970863978068,0.8618994355201721,14.51821001370748,100.0,0.47320268551508576,0.42688410978248187,0.3371085326711918,22.47290702651412,0.20310465494791666
fcomp2_ft,2022121702,0.15895755312537949,24.562568299963246,0.6804381157126559,0.32461896538734436,0.8349234263102213,14.66822099685669,100.0,0.4443438450495402,0.46784846340811104,0.30632217992452454,23.039582262354912,0.2684733072916667
fcomp2_ft,2022121703,0.15953749603209824,24.460225466719958,0.6751530330621739,0.3393846054871877,0.83143683274587,14.442155679066977,100.0,0.4563475747903188,0.44136931841954147,0.32291825448793715,22.440015549604993,0.261993408203125
fcomp2_ft,2022121705,0.16314236946364954,25.183314224068564,0.7190105516100859,0.3327201604843139,0.8469168543815613,14.599545081456503,100.0,0.4488733609517415,0.4670988169393433,0.3166023498569452,23.52251680605289,0.2730356852213542
fcomp2_ft,2022121706,0.14096997003288905,26.53492106121681,0.7058074848299732,0.33833659688631695,0.8678344488143921,14.363874514897665,100.0,0.45897795756657916,0.44441842078693167,0.3232104607667826,23.453230460440764,0.2921651204427083
fcomp2_ft,2022121707,0.13849438515393545,26.25388481139365,0.7300797240797204,0.38250019152959186,0.8642271757125854,14.611201524734497,100.0,0.5012026131153107,0.37272493660711276,0.3792890586986522,22.19972419019153,0.2518463134765625
fcomp2_ft,2022121708,0.163396218953686,24.532065161649815,0.6524222423509869,0.3684825897216797,0.8676007390022278,14.367673794428507,100.0,0.4953184227148692,0.4254313425556259,0.35499595092581054,22.193577442866257,0.1886749267578125
fcomp2_merge,2022101101,0.1464056369476058,25.1857840297853,0.6990735005037161,0.3478929003079732,0.8385641177495321,14.315625349680582,100.0,0.4652535319328308,0.41906543827671033,0.33735055292272104,22.481805370718238,0.253021240234375
fcomp2_merge,2022101102,0.15655807080030246,24.418405579234918,0.6949852686573358,0.3266728222370147,0.8386886119842529,14.022663116455078,100.0,0.4533882836500804,0.4574074379956534,0.3148135225840294,23.29780051443406,0.290924072265625
fcomp2_merge,2022101103,0.1378286643900064,26.114046564615233,0.7265375309566918,0.36528607209523517,0.8488410711288452,14.128779570261637,100.0,0.48318520188331604,0.42405455308123496,0.34387117367138287,22.579772766252173,0.2777506510416667
fcomp2_merge,2022101201,0.1375091424799277,25.76935715882502,0.742714601170651,0.33581067125002545,0.8584792017936707,14.372782945632935,100.0,0.4514349102973938,0.40811253160367383,0.33125963083242577,22.928661221525815,0.260162353515625
fcomp2_merge,2022101204,0.150117425423256,26.026666208368578,0.7263418508241534,0.3230963846047719,0.799528956413269,14.264223257700602,100.0,0.4348187843958537,0.4329664708597543,0.3199594028386897,23.812568381781528,0.2785237630208333
fcomp2_merge,2022101301,0.14792907505781558,25.864111536268698,0.7037118879180926,0.3544069429238637,0.8521645069122314,14.534846544265747,100.0,0.46717092394828796,0.41500013736752894,0.34234032088604804,22.785441110789012,0.2718658447265625
fcomp2_merge,2022101302,0.1745680829527667,23.52167193487691,0.6914202517799724,0.3555526038010915,0.8430819511413574,14.284379323323568,100.0,0.47328149278958637,0.4144505391412969,0.3484317792041649,21.995990455149183,0.22681172688802084
fcomp2_merge,2022101303,0.13442226422975703,25.37951365198857,0.8447639951775271,0.31136854489644367,0.7978296279907227,14.630304257074991,100.0,0.42711877822875977,0.4398837103304414,0.31043539343709237,23.87083321661383,0.07523600260416667
fcomp2_merge,2022112702,0.14841743532344565,25.62395252209789,0.6829498052407269,0.3337915241718292,0.8310677409172058,14.290435791015625,100.0,0.44926391045252484,0.4004230498743697,0.33639014876524653,23.151087267708586,0.24625651041666666
fcomp2_merge,2022112704,0.1377695510743749,27.165189526357338,0.7515573293596117,0.33682288726170856,0.8432493209838867,14.559682448705038,100.0,0.4525168240070343,0.44882320841845513,0.3201140903260343,24.135388089213308,0.26214599609375
fcomp2_merge,2022120401,0.14754362849288646,26.04919158505069,0.7076539328931389,0.3459513187408447,0.877022405465444,14.293033123016357,100.0,0.46717604994773865,0.431285513204765,0.33255564234014096,23.208147679713033,0.2919209798177083
fcomp2_merge,2022120402,0.14851153079104093,25.15258681455252,0.6746118569900244,0.35387688875198364,0.8646985491116842,14.59733541806539,100.0,0.4706093966960907,0.4016539924000757,0.3476595261055073,22.226134936882087,0.24783833821614584
fcomp2_merge,2022120403,0.15413649925238768,25.38905403060944,0.6863128825483032,0.3368262747923532,0.8624418377876282,14.305652777353922,100.0,0.4498945474624633,0.42252434267286687,0.3266777545346271,23.101057056466498,0.2789764404296875
fcomp2_merge,2022120404,0.1484191458273106,25.995050630019325,0.6910272680580632,0.337175319592158,0.8660657604535421,14.549996932347616,100.0,0.45712968707084656,0.4296584856374846,0.3260258375998955,23.53688168586776,0.25665283203125
fcomp2_merge,2022120406,0.153774858022213,24.662140419044988,0.6946322203292343,0.33774545788764954,0.8623768289883932,14.292158762613932,100.0,0.46119757493336994,0.443476998051715,0.32645405401123306,23.110374932967947,0.2366943359375
fcomp2_merge,2022120407,0.14498790441657858,25.92454214887542,0.7051603910341634,0.33284885684649146,0.8241813977559408,14.5436642964681,100.0,0.45073365171750385,0.43644167448318744,0.3227923983674545,23.3231996306729,0.2529856363932292
fcomp2_merge,2022120408,0.1353608336382753,25.99119214429157,0.7227313844757172,0.32708237568537396,0.8233848810195923,14.349255879720053,100.0,0.44586307803789776,0.461758088025632,0.3070574350685746,23.014773262866086,0.24932861328125
fcomp2_merge,2022120409,0.13085988722319314,27.089857173372817,0.7073933972403101,0.3432277540365855,0.8255194028218588,14.530177116394043,100.0,0.4543578128019969,0.4209789864651354,0.32618018597043935,23.349119068157147,0.2844441731770833
fcomp2_merge,2022121701,0.15298652131943738,24.049408349861878,0.6679781906389596,0.34778064489364624,0.862015962600708,14.307839075724283,100.0,0.47251396377881366,0.42378407227847764,0.33887616940582244,22.428623383531487,0.20310465494791666
fcomp2_merge,2022121702,0.15867161999147228,24.577421338476096,0.6808265662975912,0.3244571685791015,0.8361825942993164,14.527723789215088,100.0,0.4446278214454651,0.47203174778947776,0.304672825244092,23.08584903612355,0.2684733072916667
fcomp2_merge,2022121703,0.15972999107499689,24.453205211356074,0.672484665238188,0.34029648701349896,0.8336943785349528,14.299638589223227,100.0,0.45763463775316865,0.44658112111957604,0.3205409208043882,22.50395436031094,0.261993408203125
fcomp2_merge,2022121705,0.16364393629888405,25.15442471269984,0.7080484853473141,0.3339734375476837,0.8511002461115519,14.531593640645346,100.0,0.45110951860745746,0.4735801590387417,0.3128745540795816,23.627266772437963,0.2730356852213542
fcomp2_merge,2022121706,0.14140318536578753,26.50645799938358,0.7047262828746402,0.33798932035764057,0.8698243896166483,14.294048309326172,100.0,0.45959694186846406,0.44634693293075056,0.3225016089176233,23.473466961048242,0.2921651204427083
fcomp2_merge,2022121707,0.14067648586322554,26.121590222575275,0.7235820203278619,0.3835267821947734,0.8668550054232279,14.560338497161865,100.0,0.5023495852947235,0.37157786757139294,0.3793046610533943,22.199401318083044,0.2518463134765625
fcomp2_merge,2022121708,0.16259356881849366,24.576318305125653,0.6560413880762174,0.3665948510169983,0.8677424192428589,14.28894829750061,100.0,0.4950542946656545,0.42364976246559616,0.3546333619887552,22.202035287697015,0.1886749267578125
fixed_split_ft,2022101101,0.19396363159301597,22.835269076980566,0.5858016258330642,0.1886696169773737,0.8924446702003479,14.688014904657999,100.0,0.485726793607076,0.3785188817889206,0.35814114410049186,21.967957175343,0.253021240234375
fixed_split_ft,2022101102,0.18470753069195725,22.983766768123104,0.6307609335772368,0.18373625477155045,0.8776696523030599,15.009305397669474,100.0,0.46419649322827655,0.4272309403750025,0.33029949809051706,22.878128358302646,0.290924072265625
fixed_split_ft,2022101103,0.17333243667753337,24.119172073000794,0.6391106712048784,0.1993572115898132,0.8801444172859192,14.79402263959249,100.0,0.4950820803642273,0.40087709528607046,0.3546877866367868,22.309494839500427,0.2777506510416667
fixed_split_ft,2022101201,0.18231230953045832,23.334538238007017,0.6378540203453621,0.1839451839526494,0.8895942370096842,15.17972739537557,100.0,0.4662526448567708,0.36791959694494586,0.3527727792285215,22.38088962744224,0.260162353515625
fixed_split_ft,2022101204,0.19935587717599235,23.57839608033068,0.599373080026412,0.17522733410199479,0.8294602831204733,15.098090569178263,100.0,0.4541939397652944,0.3857224657267692,0.3429225597810827,23.21219743084984,0.2785237630208333
fixed_split_ft,2022101301,0.1804843912508092,24.161348384091095,0.6177058430243466,0.19487090408802024,0.864472508430481,15.02802594502767,100.0,0.48065826296806335,0.3814486153339914,0.3579670823434975,22.399742408014315,0.2718658447265625
fixed_split_ft,2022101302,0.20158902261393274,22.268885574030985,0.6250503856704559,0.1976222197214762,0.8753503163655599,14.809819221496582,100.0,0.48318017522494,0.3872851255676619,0.3635642523976455,21.626824233062518,0.22681172688802084
fixed_split_ft,2022101303,0.17167650078255323,23.264967852485942,0.7658428628186352,0.17103776832421616,0.8278493086496989,15.070725361506144,100.0,0.4427539010842641,0.4084590517083481,0.3301448240750248,23.336912543663686,0.07523600260416667
fixed_split_ft,2022112702,0.18836090965154587,23.593512893150045,0.5721372644894486,0.17944366733233133,0.8719337979952494,15.119998296101889,100.0,0.46551278233528137,0.35415400539443187,0.3581230740044128,22.61022435968411,0.24625651041666666
fixed_split_ft,2022112704,0.18691288096676972,24.515928644121388,0.6349219539312206,0.18456581731637314,0.8628208041191101,15.18762461344401,100.0,0.47018887599309284,0.4103394461100711,0.34022952373387944,23.60426414596914,0.26214599609375
fixed_split_ft,2022120401,0.18433983694517106,24.104565109278383,0.6150651325414527,0.1864579369624456,0.9043042063713074,14.839412848154703,100.0,0.4820372362931569,0.397275096555654,0.34943652719975465,22.777750921886934,0.2919209798177083
fixed_split_ft,2022120402,0.18879197861008978,23.069223271997174,0.5393285586060231,0.18954567114512122,0.8843538562456766,15.108858903249105,100.0,0.486010213692983,0.3621656658605545,0.36338229997171806,21.841260062504492,0.24783833821614584
fixed_split_ft,2022120403,0.19646782804189922,23.285947690127504,0.5696539455875587,0.17922555903593693,0.8851108153661092,14.824035485585531,100.0,0.4681585232416789,0.38019540509642186,0.3476331817712563,22.56054517108528,0.2789764404296875
fixed_split_ft,2022120404,0.18274238857374694,24.187466798379845,0.5966201106547839,0.18434176345666245,0.9104502002398173,15.095766941706339,100.0,0.47371348738670344,0.3891664106438421,0.3454549079757399,23.03391998626933,0.25665283203125
fixed_split_ft,2022120406,0.20121940761917842,22.350841591288585,0.5613631569030102,0.1867929548025131,0.9035114645957947,15.151603619257608,100.0,0.48203607400258375,0.39578146952240095,0.35041502042981804,22.49542573710869,0.2366943359375
fixed_split_ft,2022120407,0.1900848506831668,23.58154120413501,0.5896926751829555,0.18238617479801178,0.866122821966807,15.07195750872294,100.0,0.4666280448436737,0.3962313520274143,0.3427649650847427,22.79960605261876,0.2529856363932292
fixed_split_ft,2022120408,0.18273755801363448,23.390987731407794,0.615794152654408,0.1862977693478266,0.854563852151235,14.835695505142212,100.0,0.4633700946966807,0.4160474465151651,0.3304660963377784,22.373275985614374,0.24932861328125
fixed_split_ft,2022120409,0.1642231362303046,25.111805859618055,0.6310227023560396,0.18178868790467576,0.8547653357187907,15.359801371892294,100.0,0.466348131497701,0.39404799476152047,0.34013415695806687,22.987437437814478,0.2844441731770833
fixed_split_ft,2022121701,0.19270562020397067,22.04644074765872,0.5596558513519088,0.19415768980979917,0.900357703367869,15.783175309499105,100.0,0.49041203657786053,0.3876487478263666,0.3578556686077037,21.95085123356554,0.20310465494791666
fixed_split_ft,2022121702,0.19958673580872852,22.595776354347418,0.5553828398430666,0.17609772582848862,0.8799382249514262,15.355928421020508,100.0,0.46431634823481244,0.42077209954346495,0.32797174291424447,22.446588879032788,0.2684733072916667
fixed_split_ft,2022121703,0.2028189342671087,22.40747783148323,0.5676743470432085,0.18930934369564048,0.8702275554339091,14.949460903803507,100.0,0.4756344457467397,0.3982097868405578,0.3472593383843077,21.810949576677434,0.261993408203125
fixed_split_ft,2022121705,0.20366699290857312,23.25356867055129,0.5976806277417187,0.18507322669029233,0.8712977568308512,15.270706335703531,100.0,0.4699445863564809,0.4199685020164752,0.3372973692267993,22.972631104786227,0.2730356852213542
fixed_split_ft,2022121706,0.17782045407661493,24.52578677787766,0.6106749191274148,0.18755053480466202,0.898295263449351,15.033685684204102,100.0,0.4731999735037486,0.40918319105716905,0.3397833578400828,23.019116601318462,0.2921651204427083
fixed_split_ft,2022121707,0.17782832643677762,24.093582445697354,0.6187140810783928,0.2090237239996592,0.896196981271108,15.335516452789307,100.0,0.5141492684682211,0.3454350886228419,0.39131492204843815,21.929195270652702,0.2518463134765625
fixed_split_ft,2022121708,0.1865009776915926,23.375396179946947,0.5890114918628272,0.2045580595731735,0.9024784564971924,14.859533389409384,100.0,0.5050505499045054,0.41068651805470074,0.3598009672769973,22.07332925136066,0.1886749267578125
fixed_split_merge,2022101101,0.20238532242827198,22.534142167949696,0.5689528656003091,0.19512101511160526,0.9032251834869385,14.967642784118652,100.0,0.4907003442446391,0.3817225609664742,0.3597129775760412,21.94076968050962,0.253021240234375
fixed_split_merge,2022101102,0.19129684897431562,22.68259726466229,0.6081821211561825,0.1888153751691182,0.8861116170883179,14.890334447224935,100.0,0.4676639537016551,0.43288753300307947,0.3295979759132346,22.896904986756464,0.290924072265625
fixed_split_merge,2022101103,0.17646621638800306,23.96557160212505,0.630990025364785,0.2094518144925435,0.8857924739519755,14.871971448262533,100.0,0.4977212945620219,0.4052850206864691,0.35362961700714113,22.335477388617093,0.2777506510416667
fixed_split_merge,2022101201,0.18702947586140137,23.124827347938368,0.6315369568713184,0.19538697600364677,0.8970889250437418,14.92171843846639,100.0,0.46943657596906024,0.37377284263061644,0.35231893516691337,22.3922364628803,0.260162353515625
fixed_split_merge,2022101204,0.20600412781708574,23.32510483933298,0.5816085240790341,0.18369630972544349,0.8405276338259379,14.64559801419576,100.0,0.45946982502937317,0.39717641353771044,0.34217433064262665,23.23493439682207,0.2785237630208333
fixed_split_merge,2022101301,0.18176011974101428,24.095276091666438,0.6101558003962925,0.2068777630726496,0.8671605587005615,14.887863715489706,100.0,0.48150890072186786,0.38913052709829615,0.35576125552682863,22.4527140571485,0.2718658447265625
fixed_split_merge,2022101302,0.20716911738273183,22.03505362664046,0.6072241228407514,0.20959869027137754,0.8820757269859314,14.677762111028036,100.0,0.4863865077495575,0.39638178390035333,0.3595222484997967,21.723808672117457,0.22681172688802084
fixed_split_merge,2022101303,0.16711726773621338,23.49164269078835,0.7625863070812021,0.17987271149953202,0.8324252764383951,14.847141345342001,100.0,0.4451719323794046,0.42237951750754005,0.3247956074639092,23.47778262010125,0.07523600260416667
fixed_split_merge,2022112702,0.19237637998292692,23.430378023397186,0.5632872791174899,0.18847218155860898,0.8783584038416544,15.389564275741577,100.0,0.46857950091362,0.37162969231338555,0.3537069271566076,22.719140669022437,0.24625651041666666
fixed_split_merge,2022112704,0.1893385658473299,24.413595340702212,0.6303412067925721,0.19653576612472534,0.8655468821525574,15.058879613876343,100.0,0.47135276595751435,0.4175187317673714,0.33925661769228355,23.62900586384102,0.26214599609375
fixed_split_merge,2022120401,0.18596575451632105,24.0370089452026,0.6095684015000943,0.1952461550633112,0.9088189601898193,14.73842716217041,100.0,0.4842318097750346,0.40614468239082185,0.3466786452843022,22.846501612452773,0.2919209798177083
fixed_split_merge,2022120402,0.19031796598916892,22.998470287087795,0.5362934712056977,0.19526105125745133,0.8890785773595175,15.275588035583496,100.0,0.4880180060863495,0.37205490995469165,0.3598504447919925,21.92606225714439,0.24783833821614584
fixed_split_merge,2022120403,0.20426411003904954,22.96045913383105,0.5453337102042667,0.18481055398782095,0.8962609171867371,14.742242336273193,100.0,0.47285110751787823,0.3820781934295224,0.3482424868978469,22.546054868737702,0.2789764404296875
fixed_split_merge,2022120404,0.1889531990140645,23.900484019270504,0.585590035583497,0.19579475124677015,0.9164198239644369,15.071763277053833,100.0,0.47624197602272034,0.4001081964376847,0.34351196071680096,23.083193830395214,0.25665283203125
fixed_split_merge,2022120406,0.20044359715006355,22.37774094620893,0.5676204470074544,0.1940209815899531,0.9067258834838867,14.772737185160318,100.0,0.48336974779764813,0.41001117295136397,0.34656591825180433,22.591004033979683,0.2366943359375
fixed_split_merge,2022120407,0.19001901464093796,23.582541348129464,0.5927352510151775,0.1918432066837946,0.8704744974772135,14.983200550079346,100.0,0.4688985347747803,0.4088134336936662,0.3397669592303421,22.876151006412055,0.2529856363932292
fixed_split_merge,2022120408,0.18868948070048588,23.113660074400173,0.6011146501194214,0.1959398637215296,0.8604039152463278,14.791706641515097,100.0,0.4653772513071696,0.4307976295916456,0.326015392369252,22.49093072855368,0.24932861328125
fixed_split_merge,2022120409,0.17085553393345843,24.77127870329846,0.6201933257240436,0.18805763622124985,0.8607955773671468,15.096770604451498,100.0,0.469269722700119,0.3999483350018411,0.33975363740947256,22.996961888585545,0.2844441731770833
fixed_split_merge,2022121701,0.19611148834774872,21.889446455769434,0.5444283931773256,0.20517164965470633,0.9066051840782166,15.420960505803427,100.0,0.4930965304374695,0.3955965773128995,0.3549716620759078,22.021457172503656,0.20310465494791666
fixed_split_merge,2022121702,0.1985712413927705,22.637662967186817,0.5650091068436583,0.18271763126055396,0.8816042939821879,15.249589761098227,100.0,0.46475932995478314,0.4347623221485106,0.32407221954063964,22.552237042396484,0.2684733072916667
fixed_split_merge,2022121703,0.20466420330239463,22.324959388786507,0.5568917736232155,0.19669047494729355,0.873031755288442,15.16746187210083,100.0,0.47664151589075726,0.40901973363207117,0.341342423465891,21.9593715322687,0.261993408203125
fixed_split_merge,2022121705,0.20345966200478705,23.260137884333357,0.60332698110011,0.19518511494000748,0.8766860763231913,15.156691869099935,100.0,0.47248853246370953,0.43467884991275474,0.3334185344716205,23.072320562205363,0.2730356852213542
fixed_split_merge,2022121706,0.1798917245958764,24.4290794544003,0.6032676478665936,0.19636896252632138,0.9035890102386475,14.92915407816569,100.0,0.4752117296059926,0.4171469986482165,0.3377936845196501,23.06960006788456,0.2921651204427083
fixed_split_merge,2022121707,0.1804628174433661,23.969846558805145,0.6131810446273932,0.219492882490158,0.9005367557207743,15.016045570373535,100.0,0.5164240002632141,0.3532367674479107,0.38914329226065125,21.977792186574902,0.2518463134765625
fixed_split_merge,2022121708,0.18822266041333371,23.29719534725878,0.5935745876258562,0.21393207708994544,0.9068383177121481,14.804244995117188,100.0,0.5068390468756357,0.42333131657452266,0.35692612710347854,22.141798840957332,0.1886749267578125
single_r4,2022101101,0.17884419357743156,23.453339832357926,0.6178682168255172,0.2504603962103526,0.8678157925605774,15.237943808237711,100.0,0.46896413962046307,0.3976780457762821,0.3476925382614377,22.2198464107139,0.253021240234375
single_r4,2022101102,0.1941635394329615,22.553069733497434,0.6085708735000526,0.23366889854272202,0.8721415797869364,14.868579387664795,100.0,0.4567008117834727,0.436809529820173,0.3295242326813565,22.898318631688472,0.290924072265625
single_r4,2022101103,0.1642233685559915,24.590272116104597,0.6494597808099076,0.26144401232401526,0.8796359101931254,14.932957410812378,100.0,0.48808111747105914,0.41387014681334583,0.34672298657483785,22.50795133537483,0.2777506510416667
single_r4,2022101201,0.17251961979385486,23.802487701571266,0.6591245495669908,0.235977495710055,0.8828879793485006,14.904735326766968,100.0,0.45646442969640094,0.383666764724057,0.3451381755486358,22.571032756495566,0.260162353515625
single_r4,2022101204,0.1763747307187921,24.627096584617362,0.6623781132260079,0.23810456693172455,0.8115987380345663,14.691716829935709,100.0,0.4353242814540863,0.4161337995696321,0.33307682587668025,23.46377331939709,0.2785237630208333
single_r4,2022101301,0.17883420140209136,24.23118293337809,0.6299326933044967,0.2568334440390269,0.8496893048286438,14.925015370051065,100.0,0.4656965633233388,0.3926707034091499,0.3576292656701489,22.406831890769666,0.2718658447265625
single_r4,2022101302,0.21690043684518048,21.631400643972494,0.5824644507231053,0.2571541368961334,0.8580177227656046,14.848133166631063,100.0,0.4739079177379608,0.37842009712952285,0.3685905018235045,21.507775657291152,0.22681172688802084
single_r4,2022101303,0.15123492699150162,24.35675934235253,0.8012941514694002,0.2307233363389969,0.8216902017593384,14.857949336369833,100.0,0.4321369528770446,0.43205456237879897,0.3184210892892338,23.649764735269912,0.07523600260416667
single_r4,2022112702,0.18190215078496594,23.86445812269616,0.5902277867950343,0.24325086176395408,0.8577452898025513,15.094696521759033,100.0,0.4553249577681224,0.3748515786395507,0.35262377552340446,22.74130623425363,0.24625651041666666
single_r4,2022112704,0.16671822627186342,25.50570869920374,0.6829986604487447,0.24881233274936673,0.8546531995137533,15.094839413960775,100.0,0.4561639626820882,0.43572883080329006,0.3286885595267688,23.904326027590333,0.26214599609375
single_r4,2022120401,0.17462530385702105,24.58114845521611,0.6394997556771462,0.25220764180024463,0.8906999031702677,15.206531286239624,100.0,0.4707047442595164,0.42187721835129727,0.3391442903224238,23.03975593385012,0.2919209798177083
single_r4,2022120402,0.19104864883315528,22.965418995749175,0.5430584843530761,0.24983706573645273,0.8737423221270243,15.214915831883749,100.0,0.4789857566356659,0.3656485645342604,0.3631074865188592,21.847723474246266,0.24783833821614584
single_r4,2022120403,0.19774796918834614,23.237733713561614,0.566301201547856,0.24267095824082693,0.8746593197186788,14.735212167104086,100.0,0.4576819936434428,0.38923228401753657,0.3445634442671636,22.636924163208203,0.2789764404296875
single_r4,2022120404,0.1803101505176429,24.304360357538567,0.6011973605194075,0.2466254184643427,0.8950259288152059,15.168731371561686,100.0,0.46292755007743835,0.4047114773676797,0.33942787812041747,23.1866327061891,0.25665283203125
single_r4,2022120406,0.19724763696007422,22.497863280330165,0.5831755820579065,0.24687982598940528,0.8919021288553873,14.741185108820597,100.0,0.469487061103185,0.4153986102805083,0.3435722093630646,22.666056221004396,0.2366943359375
single_r4,2022120407,0.1768137999251412,24.200910175165266,0.6171871686423996,0.24383760988712308,0.8506908218065897,15.000019232432047,100.0,0.4563409884770711,0.4212960773840569,0.33183412310757565,23.08445397361659,0.2529856363932292
single_r4,2022120408,0.16839766704802253,24.10424786335877,0.6322755681235673,0.23989655574162802,0.8445684512456259,14.91083280245463,100.0,0.4528656502564748,0.4394017958140459,0.3186901090597866,22.693774940047263,0.24932861328125
single_r4,2022120409,0.16080223088140722,25.294225098372493,0.6274994987775447,0.2477726240952809,0.8476829727490743,14.96418285369873,100.0,0.4588381151358287,0.40374018067896583,0.3348828500658894,23.12136454334232,0.2844441731770833
single_r4,2022121701,0.1829925073516383,22.48439241577998,0.5909834511668898,0.25617658595244086,0.8851643006006876,15.559451897939047,100.0,0.47594597935676575,0.40989185187868143,0.34787197755648086,22.198002074866025,0.20310465494791666
single_r4,2022121702,0.18960228136217916,23.033209653322498,0.5921627439117598,0.23177852233250928,0.8709306120872498,14.979529619216919,100.0,0.45015666882197064,0.4462566659108835,0.3181880477327128,22.705885332993947,0.2684733072916667
single_r4,2022121703,0.2021778946263445,22.40522189486322,0.56068513216551,0.24442175527413681,0.8508926033973694,14.774867057800293,100.0,0.4626934925715129,0.40866294842273865,0.3395523986067191,22.00381256563516,0.261993408203125
single_r4,2022121705,0.21614606431370062,22.76436184936743,0.5851480422344751,0.23646682500839225,0.8642706871032715,15.13473105430603,100.0,0.4609012206395467,0.4205407632413321,0.3426591128006986,22.843378903890976,0.2730356852213542
single_r4,2022121706,0.1855827681892387,24.150413938598234,0.581741284749557,0.23760549724102017,0.8906789024670919,14.762566804885864,100.0,0.4694379468758901,0.40378151705928494,0.3411195837195223,22.98699103609555,0.2921651204427083
single_r4,2022121707,0.1614625391475305,24.924712014628742,0.6688162508318604,0.27602686484654737,0.885264535744985,14.890883127848307,100.0,0.5031056304772695,0.362147842692124,0.3838093560247711,22.097354768271376,0.2518463134765625
single_r4,2022121708,0.20157266450827024,22.721679984076584,0.5651636643099981,0.2658879458904266,0.8968329032262167,14.91336194674174,100.0,0.501993993918101,0.40700994069455043,0.36534241552806174,21.946512092538466,0.1886749267578125
